{
    ":days day trial": ":days day trial",
    "30 Days": "30 Days",
    "60 Days": "60 Days",
    "90 Days": "90 Days",
    ":amount Total": ":amount Total",
    ":resource Details": ":resource Details",
    ":resource Details: :title": ":resource Details: :title",
    "A fresh verification link has been sent to your email address.": "A fresh verification link has been sent to your email address.",
    "A new verification link has been sent to the email address you provided during registration.": "A new verification link has been sent to the email address you provided during registration.",
    "Accept Invitation": "Accept Invitation",
    "Action Happened At": "Happened At",
    "Action Initiated By": "Initiated By",
    "Action Name": "Name",
    "Action Status": "Status",
    "Action Target": "Target",
    "Action": "Action",
    "Actions": "Actions",
    "Add a new team member to your team, allowing them to collaborate with you.": "Add a new team member to your team, allowing them to collaborate with you.",
    "Add additional security to your account using two factor authentication.": "Add additional security to your account using two factor authentication.",
    "Add row": "Add row",
    "Add Team Member": "Add Team Member",
    "Add VAT Number": "Add VAT Number",
    "Add": "Add",
    "Added.": "Added.",
    "Address Line 2": "Address Line 2",
    "Address": "Address",
    "Administrator users can perform any action.": "Administrator users can perform any action.",
    "Administrator": "Administrator",
    "Afghanistan": "Afghanistan",
    "Aland Islands": "Åland Islands",
    "Albania": "Albania",
    "Algeria": "Algeria",
    "All of the people that are part of this team.": "All of the people that are part of this team.",
    "All resources loaded.": "All resources loaded.",
    "All rights reserved.": "All rights reserved.",
    "Already registered?": "Already registered?",
    "American Samoa": "American Samoa",
    "An error occured while uploading the file.": "An error occured while uploading the file.",
    "An unexpected error occurred and we have notified our support team. Please try again later.": "An unexpected error occurred and we have notified our support team. Please try again later.",
    "Andorra": "Andorra",
    "Angola": "Angola",
    "Anguilla": "Anguilla",
    "Another user has updated this resource since this page was loaded. Please refresh the page and try again.": "Another user has updated this resource since this page was loaded. Please refresh the page and try again.",
    "Antarctica": "Antarctica",
    "Antigua and Barbuda": "Antigua and Barbuda",
    "Antigua And Barbuda": "Antigua and Barbuda",
    "API Token Permissions": "API Token Permissions",
    "API Token": "API Token",
    "API tokens allow third-party services to authenticate with our application on your behalf.": "API tokens allow third-party services to authenticate with our application on your behalf.",
    "API Tokens": "API Tokens",
    "April": "April",
    "Are you sure you want to delete the selected resources?": "Are you sure you want to delete the selected resources?",
    "Are you sure you want to delete this file?": "Are you sure you want to delete this file?",
    "Are you sure you want to delete this resource?": "Are you sure you want to delete this resource?",
    "Are you sure you want to delete this team? Once a team is deleted, all of its resources and data will be permanently deleted.": "Are you sure you want to delete this team? Once a team is deleted, all of its resources and data will be permanently deleted.",
    "Are you sure you want to delete your account? Once your account is deleted, all of its resources and data will be permanently deleted. Please enter your password to confirm you would like to permanently delete your account.": "Are you sure you want to delete your account? Once your account is deleted, all of its resources and data will be permanently deleted. Please enter your password to confirm you would like to permanently delete your account.",
    "Are you sure you want to detach the selected resources?": "Are you sure you want to detach the selected resources?",
    "Are you sure you want to detach this resource?": "Are you sure you want to detach this resource?",
    "Are you sure you want to force delete the selected resources?": "Are you sure you want to force delete the selected resources?",
    "Are you sure you want to force delete this resource?": "Are you sure you want to force delete this resource?",
    "Are you sure you want to restore the selected resources?": "Are you sure you want to restore the selected resources?",
    "Are you sure you want to restore this resource?": "Are you sure you want to restore this resource?",
    "Are you sure you want to run this action?": "Are you sure you want to run this action?",
    "Are you sure you would like to delete this API token?": "Are you sure you would like to delete this API token?",
    "Are you sure you would like to leave this team?": "Are you sure you would like to leave this team?",
    "Are you sure you would like to remove this person from the team?": "Are you sure you would like to remove this person from the team?",
    "Argentina": "Argentina",
    "Armenia": "Armenia",
    "Aruba": "Aruba",
    "Attach & Attach Another": "Attach & Attach Another",
    "Attach :resource": "Attach :resource",
    "Attach": "Attach",
    "August": "August",
    "Australia": "Australia",
    "Austria": "Austria",
    "Azerbaijan": "Azerbaijan",
    "Bahamas": "Bahamas",
    "Bahrain": "Bahrain",
    "Bangladesh": "Bangladesh",
    "Barbados": "Barbados",
    "Before proceeding, please check your email for a verification link.": "Before proceeding, please check your email for a verification link.",
    "Belarus": "Belarus",
    "Belgium": "Belgium",
    "Belize": "Belize",
    "Benin": "Benin",
    "Bermuda": "Bermuda",
    "Bhutan": "Bhutan",
    "Billing Information": "Billing Information",
    "Billing Management": "Billing Management",
    "Bolivia": "Bolivia",
    "Bolivia, Plurinational State of": "Bolivia, Plurinational State of",
    "Bonaire, Sint Eustatius and Saba": "Bonaire, Sint Eustatius and Saba",
    "Bosnia And Herzegovina": "Bosnia and Herzegovina",
    "Bosnia and Herzegovina": "Bosnia and Herzegovina",
    "Botswana": "Botswana",
    "Bouvet Island": "Bouvet Island",
    "Brazil": "Brazil",
    "British Indian Ocean Territory": "British Indian Ocean Territory",
    "Browser Sessions": "Browser Sessions",
    "Brunei Darussalam": "Brunei Darussalam",
    "Bulgaria": "Bulgaria",
    "Burkina Faso": "Burkina Faso",
    "Burundi": "Burundi",
    "Cambodia": "Cambodia",
    "Cameroon": "Cameroon",
    "Canada": "Canada",
    "Cancel Subscription": "Cancel Subscription",
    "Cancel": "Cancel",
    "Cape Verde": "Cape Verde",
    "Card": "Card",
    "Cayman Islands": "Cayman Islands",
    "Central African Republic": "Central African Republic",
    "Chad": "Chad",
    "Change Subscription Plan": "Change Subscription Plan",
    "Changes": "Changes",
    "Chile": "Chile",
    "China": "China",
    "Choose :field": "Choose :field",
    "Choose :resource": "Choose :resource",
    "Choose an option": "Choose an option",
    "Choose date": "Choose date",
    "Choose File": "Choose File",
    "Choose Type": "Choose Type",
    "Choose": "Choose",
    "Christmas Island": "Christmas Island",
    "City": "City",
    "click here to request another": "click here to request another",
    "Click to choose": "Click to choose",
    "Close": "Close",
    "Cocos (Keeling) Islands": "Cocos (Keeling) Islands",
    "Code": "Code",
    "Colombia": "Colombia",
    "Comoros": "Comoros",
    "Confirm Password": "Confirm Password",
    "Confirm Payment": "Confirm Payment",
    "Confirm your :amount payment": "Confirm your :amount payment",
    "Confirm": "Confirm",
    "Congo": "Congo",
    "Congo, Democratic Republic": "Congo, Democratic Republic",
    "Congo, the Democratic Republic of the": "Congo, the Democratic Republic of the",
    "Constant": "Constant",
    "Cook Islands": "Cook Islands",
    "Costa Rica": "Costa Rica",
    "Cote D'Ivoire": "Cote D'Ivoire",
    "Côte d'Ivoire": "Côte d'Ivoire",
    "could not be found.": "could not be found.",
    "Country": "Country",
    "Coupon": "Coupon",
    "Create & Add Another": "Create & Add Another",
    "Create :resource": "Create :resource",
    "Create a new team to collaborate with others on projects.": "Create a new team to collaborate with others on projects.",
    "Create Account": "Create Account",
    "Create API Token": "Create API Token",
    "Create New Team": "Create New Team",
    "Create Team": "Create Team",
    "Create": "Create",
    "Created.": "Created.",
    "Croatia": "Croatia",
    "Cuba": "Cuba",
    "Curaçao": "Curaçao",
    "Current Password": "Current Password",
    "Current Subscription Plan": "Current Subscription Plan",
    "Currently Subscribed": "Currently Subscribed",
    "Customize": "Customize",
    "Cyprus": "Cyprus",
    "Czech Republic": "Czech Republic",
    "Dashboard": "Dashboard",
    "December": "December",
    "Decrease": "Decrease",
    "Delete Account": "Delete Account",
    "Delete API Token": "Delete API Token",
    "Delete File": "Delete File",
    "Delete Resource": "Delete Resource",
    "Delete Selected": "Delete Selected",
    "Delete Team": "Delete Team",
    "Delete": "Delete",
    "Denmark": "Denmark",
    "Detach Resource": "Detach Resource",
    "Detach Selected": "Detach Selected",
    "Detach": "Detach",
    "Details": "Details",
    "Disable": "Disable",
    "Djibouti": "Djibouti",
    "Do you really want to leave? You have unsaved changes.": "Do you really want to leave? You have unsaved changes.",
    "Dominica": "Dominica",
    "Dominican Republic": "Dominican Republic",
    "Done.": "Done.",
    "Download Receipt": "Download Receipt",
    "Download": "Download",
    "E-Mail Address": "E-Mail Address",
    "Ecuador": "Ecuador",
    "Edit :resource": "Edit :resource",
    "Edit Attached": "Edit Attached",
    "Edit": "Edit",
    "Editor users have the ability to read, create, and update.": "Editor users have the ability to read, create, and update.",
    "Editor": "Editor",
    "Egypt": "Egypt",
    "El Salvador": "El Salvador",
    "Email Address": "Email Address",
    "Email Addresses": "Email Addresses",
    "Email Password Reset Link": "Email Password Reset Link",
    "Email": "Email",
    "Enable": "Enable",
    "Ensure your account is using a long, random password to stay secure.": "Ensure your account is using a long, random password to stay secure.",
    "Equatorial Guinea": "Equatorial Guinea",
    "Eritrea": "Eritrea",
    "Estonia": "Estonia",
    "Ethiopia": "Ethiopia",
    "ex VAT": "ex VAT",
    "Extra Billing Information": "Extra Billing Information",
    "Extra confirmation is needed to process your payment. Please confirm your payment by filling out your payment details below.": "Extra confirmation is needed to process your payment. Please confirm your payment by filling out your payment details below.",
    "Extra confirmation is needed to process your payment. Please continue to the payment page by clicking on the button below.": "Extra confirmation is needed to process your payment. Please continue to the payment page by clicking on the button below.",
    "Extra confirmation is needed to process your payment. Please continue to the payment page by clicking on the button below.": "Extra confirmation is needed to process your payment. Please continue to the payment page by clicking on the button below.",
    "Falkland Islands (Malvinas)": "Falkland Islands (Malvinas)",
    "Faroe Islands": "Faroe Islands",
    "February": "February",
    "Fiji": "Fiji",
    "Finland": "Finland",
    "For your security, please confirm your password to continue.": "For your security, please confirm your password to continue.",
    "Forbidden": "Forbidden",
    "Force Delete Resource": "Force Delete Resource",
    "Force Delete Selected": "Force Delete Selected",
    "Force Delete": "Force Delete",
    "Forgot your password? No problem. Just let us know your email address and we will email you a password reset link that will allow you to choose a new one.": "Forgot your password? No problem. Just let us know your email address and we will email you a password reset link that will allow you to choose a new one.",
    "Forgot Your Password?": "Forgot Your Password?",
    "Forgot your password?": "Forgot your password?",
    "France": "France",
    "French Guiana": "French Guiana",
    "French Polynesia": "French Polynesia",
    "French Southern Territories": "French Southern Territories",
    "Full name": "Full name",
    "Gabon": "Gabon",
    "Gambia": "Gambia",
    "Georgia": "Georgia",
    "Germany": "Germany",
    "Ghana": "Ghana",
    "Gibraltar": "Gibraltar",
    "Go back": "Go back",
    "Go Home": "Go Home",
    "Go to page :page": "Go to page :page",
    "Great! You have accepted the invitation to join the :team team.": "Great! You have accepted the invitation to join the :team team.",
    "Greece": "Greece",
    "Greenland": "Greenland",
    "Grenada": "Grenada",
    "Guadeloupe": "Guadeloupe",
    "Guam": "Guam",
    "Guatemala": "Guatemala",
    "Guernsey": "Guernsey",
    "Guinea": "Guinea",
    "Guinea-Bissau": "Guinea-Bissau",
    "Guyana": "Guyana",
    "Haiti": "Haiti",
    "Have a coupon code?": "Have a coupon code?",
    "Having second thoughts about cancelling your subscription? You can instantly reactive your subscription at any time until the end of your current billing cycle. After your current billing cycle ends, you may choose an entirely new subscription plan.": "Having second thoughts about cancelling your subscription? You can instantly reactive your subscription at any time until the end of your current billing cycle. After your current billing cycle ends, you may choose an entirely new subscription plan.",
    "Heard Island & Mcdonald Islands": "Heard Island and McDonald Islands",
    "Heard Island and McDonald Islands": "Heard Island and McDonald Islands",
    "Hello!": "Hello!",
    "Hide Content": "Hide Content",
    "Hold Up!": "Hold Up!",
    "Holy See (Vatican City State)": "Holy See (Vatican City State)",
    "Honduras": "Honduras",
    "Hong Kong": "Hong Kong",
    "Hungary": "Hungary",
    "I agree to the :terms_of_service and :privacy_policy": "I agree to the :terms_of_service and :privacy_policy",
    "Iceland": "Iceland",
    "ID": "ID",
    "If necessary, you may log out of all of your other browser sessions across all of your devices. Some of your recent sessions are listed below; however, this list may not be exhaustive. If you feel your account has been compromised, you should also update your password.": "If necessary, you may log out of all of your other browser sessions across all of your devices. Some of your recent sessions are listed below; however, this list may not be exhaustive. If you feel your account has been compromised, you should also update your password.",
    "If necessary, you may logout of all of your other browser sessions across all of your devices. Some of your recent sessions are listed below; however, this list may not be exhaustive. If you feel your account has been compromised, you should also update your password.": "If necessary, you may logout of all of your other browser sessions across all of your devices. Some of your recent sessions are listed below; however, this list may not be exhaustive. If you feel your account has been compromised, you should also update your password.",
    "If you already have an account, you may accept this invitation by clicking the button below:": "If you already have an account, you may accept this invitation by clicking the button below:",
    "If you did not create an account, no further action is required.": "If you did not create an account, no further action is required.",
    "If you did not expect to receive an invitation to this team, you may discard this email.": "If you did not expect to receive an invitation to this team, you may discard this email.",
    "If you did not receive the email": "If you did not receive the email",
    "If you did not request a password reset, no further action is required.": "If you did not request a password reset, no further action is required.",
    "If you do not have an account, you may create one by clicking the button below. After creating an account, you may click the invitation acceptance button in this email to accept the team invitation:": "If you do not have an account, you may create one by clicking the button below. After creating an account, you may click the invitation acceptance button in this email to accept the team invitation:",
    "If you need to add specific contact or tax information to your receipts, like your full business name, VAT identification number, or address of record, you may add it here.": "If you need to add specific contact or tax information to your receipts, like your full business name, VAT identification number, or address of record, you may add it here.",
    "If you’re having trouble clicking the \":actionText\" button, copy and paste the URL below\ninto your web browser:": "If you’re having trouble clicking the \":actionText\" button, copy and paste the URL below\ninto your web browser:",
    "Increase": "Increase",
    "India": "India",
    "Indonesia": "Indonesia",
    "Invalid signature.": "Invalid signature.",
    "Iran, Islamic Republic of": "Iran, Islamic Republic of",
    "Iran, Islamic Republic Of": "Iran",
    "Iraq": "Iraq",
    "Ireland": "Ireland",
    "Isle of Man": "Isle of Man",
    "Isle Of Man": "Isle of Man",
    "Israel": "Israel",
    "It looks like you do not have an active subscription. You may choose one of the subscription plans below to get started. Subscription plans may be changed or cancelled at your convenience.": "It looks like you do not have an active subscription. You may choose one of the subscription plans below to get started. Subscription plans may be changed or cancelled at your convenience.",
    "Italy": "Italy",
    "Jamaica": "Jamaica",
    "January": "January",
    "Japan": "Japan",
    "Jersey": "Jersey",
    "Jordan": "Jordan",
    "July": "July",
    "June": "June",
    "Kazakhstan": "Kazakhstan",
    "Kenya": "Kenya",
    "Key": "Key",
    "Kiribati": "Kiribati",
    "Korea": "South Korea",
    "Korea, Democratic People's Republic of": "North Korea",
    "Korea, Republic of": "Korea, Republic of",
    "Kosovo": "Kosovo",
    "Kuwait": "Kuwait",
    "Kyrgyzstan": "Kyrgyzstan",
    "Lao People's Democratic Republic": "Lao People's Democratic Republic",
    "Last active": "Last active",
    "Last used": "Last used",
    "Latvia": "Latvia",
    "Leave Team": "Leave Team",
    "Leave": "Leave",
    "Lebanon": "Lebanon",
    "Lens": "Lens",
    "Lesotho": "Lesotho",
    "Liberia": "Liberia",
    "Libyan Arab Jamahiriya": "Libya",
    "Liechtenstein": "Liechtenstein",
    "Lithuania": "Lithuania",
    "Load :perPage More": "Load :perPage More",
    "Log in": "Log in",
    "Log Out Other Browser Sessions": "Log Out Other Browser Sessions",
    "Log out": "Log out",
    "Log Out": "Log Out",
    "Login": "Login",
    "Logout Other Browser Sessions": "Logout Other Browser Sessions",
    "Logout": "Logout",
    "Luxembourg": "Luxembourg",
    "Macao": "Macao",
    "Macedonia": "North Macedonia",
    "Macedonia, the former Yugoslav Republic of": "Macedonia, the former Yugoslav Republic of",
    "Madagascar": "Madagascar",
    "Malawi": "Malawi",
    "Malaysia": "Malaysia",
    "Maldives": "Maldives",
    "Mali": "Mali",
    "Malta": "Malta",
    "Manage Account": "Manage Account",
    "Manage and log out your active sessions on other browsers and devices.": "Manage and log out your active sessions on other browsers and devices.",
    "Manage and logout your active sessions on other browsers and devices.": "Manage and logout your active sessions on other browsers and devices.",
    "Manage API Tokens": "Manage API Tokens",
    "Manage Role": "Manage Role",
    "Manage Team": "Manage Team",
    "Managing billing for :billableName": "Managing billing for :billableName",
    "March": "March",
    "Marshall Islands": "Marshall Islands",
    "Martinique": "Martinique",
    "Mauritania": "Mauritania",
    "Mauritius": "Mauritius",
    "May": "May",
    "Mayotte": "Mayotte",
    "Mexico": "Mexico",
    "Micronesia, Federated States Of": "Micronesia",
    "Moldova": "Moldova",
    "Moldova, Republic of": "Moldova, Republic of",
    "Monaco": "Monaco",
    "Mongolia": "Mongolia",
    "Montenegro": "Montenegro",
    "Month To Date": "Month To Date",
    "Monthly": "Monthly",
    "monthly": "monthly",
    "Montserrat": "Montserrat",
    "Morocco": "Morocco",
    "Mozambique": "Mozambique",
    "Myanmar": "Myanmar",
    "Name": "Name",
    "Namibia": "Namibia",
    "Nauru": "Nauru",
    "Nepal": "Nepal",
    "Netherlands Antilles": "Netherlands Antilles",
    "Netherlands": "Netherlands",
    "Nevermind": "Nevermind",
    "Nevermind, I'll keep my old plan": "Nevermind, I'll keep my old plan",
    "New :resource": "New :resource",
    "New Caledonia": "New Caledonia",
    "New Password": "New Password",
    "New Zealand": "New Zealand",
    "New": "New",
    "Next": "Next",
    "Nicaragua": "Nicaragua",
    "Niger": "Niger",
    "Nigeria": "Nigeria",
    "Niue": "Niue",
    "No :resource matched the given criteria.": "No :resource matched the given criteria.",
    "No additional information...": "No additional information...",
    "No Current Data": "No Current Data",
    "No Data": "No Data",
    "no file selected": "no file selected",
    "No Increase": "No Increase",
    "No Prior Data": "No Prior Data",
    "No Results Found.": "No Results Found.",
    "No": "No",
    "Norfolk Island": "Norfolk Island",
    "Northern Mariana Islands": "Northern Mariana Islands",
    "Norway": "Norway",
    "Not Found": "Not Found",
    "Nova User": "Nova User",
    "November": "November",
    "October": "October",
    "of": "of",
    "Oh no": "Oh no",
    "Oman": "Oman",
    "Once a team is deleted, all of its resources and data will be permanently deleted. Before deleting this team, please download any data or information regarding this team that you wish to retain.": "Once a team is deleted, all of its resources and data will be permanently deleted. Before deleting this team, please download any data or information regarding this team that you wish to retain.",
    "Once your account is deleted, all of its resources and data will be permanently deleted. Before deleting your account, please download any data or information that you wish to retain.": "Once your account is deleted, all of its resources and data will be permanently deleted. Before deleting your account, please download any data or information that you wish to retain.",
    "Only Trashed": "Only Trashed",
    "Original": "Original",
    "Our billing management portal allows you to conveniently manage your subscription plan, payment method, and download your recent invoices.": "Our billing management portal allows you to conveniently manage your subscription plan, payment method, and download your recent invoices.",
    "Page Expired": "Page Expired",
    "Pagination Navigation": "Pagination Navigation",
    "Pakistan": "Pakistan",
    "Palau": "Palau",
    "Palestinian Territory, Occupied": "Palestinian Territories",
    "Panama": "Panama",
    "Papua New Guinea": "Papua New Guinea",
    "Paraguay": "Paraguay",
    "Password": "Password",
    "Pay :amount": "Pay :amount",
    "Payment Cancelled": "Payment Cancelled",
    "Payment Confirmation": "Payment Confirmation",
    "Payment Information": "Payment Information",
    "Payment Successful": "Payment Successful",
    "Pending Team Invitations": "Pending Team Invitations",
    "Per Page": "Per Page",
    "Permanently delete this team.": "Permanently delete this team.",
    "Permanently delete your account.": "Permanently delete your account.",
    "Permissions": "Permissions",
    "Peru": "Peru",
    "Philippines": "Philippines",
    "Photo": "Photo",
    "Pitcairn": "Pitcairn Islands",
    "Please click the button below to verify your email address.": "Please click the button below to verify your email address.",
    "Please confirm access to your account by entering one of your emergency recovery codes.": "Please confirm access to your account by entering one of your emergency recovery codes.",
    "Please confirm access to your account by entering the authentication code provided by your authenticator application.": "Please confirm access to your account by entering the authentication code provided by your authenticator application.",
    "Please confirm your password before continuing.": "Please confirm your password before continuing.",
    "Please copy your new API token. For your security, it won't be shown again.": "Please copy your new API token. For your security, it won't be shown again.",
    "Please enter your password to confirm you would like to log out of your other browser sessions across all of your devices.": "Please enter your password to confirm you would like to log out of your other browser sessions across all of your devices.",
    "Please enter your password to confirm you would like to logout of your other browser sessions across all of your devices.": "Please enter your password to confirm you would like to logout of your other browser sessions across all of your devices.",
    "Please provide a maximum of three receipt emails addresses.": "Please provide a maximum of three receipt emails addresses.",
    "Please provide the email address of the person you would like to add to this team. The email address must be associated with an existing account.": "Please provide the email address of the person you would like to add to this team. The email address must be associated with an existing account.",
    "Please provide the email address of the person you would like to add to this team.": "Please provide the email address of the person you would like to add to this team.",
    "Please provide your name.": "Please provide your name.",
    "Poland": "Poland",
    "Portugal": "Portugal",
    "Press / to search": "Press / to search",
    "Preview": "Preview",
    "Previous": "Previous",
    "Privacy Policy": "Privacy Policy",
    "Profile Information": "Profile Information",
    "Profile": "Profile",
    "Puerto Rico": "Puerto Rico",
    "Qatar": "Qatar",
    "Quarter To Date": "Quarter To Date",
    "Receipt Email Addresses": "Receipt Email Addresses",
    "Receipts": "Receipts",
    "Recovery Code": "Recovery Code",
    "Regards": "Regards",
    "Regenerate Recovery Codes": "Regenerate Recovery Codes",
    "Register": "Register",
    "Reload": "Reload",
    "Remember me": "Remember me",
    "Remember Me": "Remember Me",
    "Remove Photo": "Remove Photo",
    "Remove Team Member": "Remove Team Member",
    "Remove": "Remove",
    "Resend Verification Email": "Resend Verification Email",
    "Reset Filters": "Reset Filters",
    "Reset Password Notification": "Reset Password Notification",
    "Reset Password": "Reset Password",
    "resource": "resource",
    "Resources": "Resources",
    "resources": "resources",
    "Restore Resource": "Restore Resource",
    "Restore Selected": "Restore Selected",
    "Restore": "Restore",
    "results": "results",
    "Resume Subscription": "Resume Subscription",
    "Return to :appName": "Return to :appName",
    "Reunion": "Réunion",
    "Role": "Role",
    "Romania": "Romania",
    "Run Action": "Run Action",
    "Russian Federation": "Russian Federation",
    "Rwanda": "Rwanda",
    "Réunion": "Réunion",
    "Saint Barthelemy": "St. Barthélemy",
    "Saint Barthélemy": "Saint Barthélemy",
    "Saint Helena": "St. Helena",
    "Saint Kitts and Nevis": "Saint Kitts and Nevis",
    "Saint Kitts And Nevis": "St. Kitts and Nevis",
    "Saint Lucia": "St. Lucia",
    "Saint Martin (French part)": "Saint Martin (French part)",
    "Saint Martin": "St. Martin",
    "Saint Pierre and Miquelon": "Saint Pierre and Miquelon",
    "Saint Pierre And Miquelon": "St. Pierre and Miquelon",
    "Saint Vincent And Grenadines": "St. Vincent and Grenadines",
    "Saint Vincent and the Grenadines": "Saint Vincent and the Grenadines",
    "Samoa": "Samoa",
    "San Marino": "San Marino",
    "Sao Tome and Principe": "Sao Tome and Principe",
    "Sao Tome And Principe": "São Tomé and Príncipe",
    "Saudi Arabia": "Saudi Arabia",
    "Save": "Save",
    "Saved.": "Saved.",
    "Search": "Search",
    "Select a different plan": "Select a different plan",
    "Select A New Photo": "Select A New Photo",
    "Select Action": "Select Action",
    "Select All Matching": "Select All Matching",
    "Select All": "Select All",
    "Select": "Select",
    "Send Password Reset Link": "Send Password Reset Link",
    "Senegal": "Senegal",
    "September": "September",
    "Serbia": "Serbia",
    "Server Error": "Server Error",
    "Service Unavailable": "Service Unavailable",
    "Seychelles": "Seychelles",
    "Show All Fields": "Show All Fields",
    "Show Content": "Show Content",
    "Show Recovery Codes": "Show Recovery Codes",
    "Showing": "Showing",
    "Sierra Leone": "Sierra Leone",
    "Signed in as": "Signed in as",
    "Singapore": "Singapore",
    "Sint Maarten (Dutch part)": "Sint Maarten",
    "Slovakia": "Slovakia",
    "Slovenia": "Slovenia",
    "Solomon Islands": "Solomon Islands",
    "Somalia": "Somalia",
    "Something went wrong.": "Something went wrong.",
    "Sorry! You are not authorized to perform this action.": "Sorry! You are not authorized to perform this action.",
    "Sorry, your session has expired.": "Sorry, your session has expired.",
    "South Africa": "South Africa",
    "South Georgia And Sandwich Isl.": "South Georgia and South Sandwich Islands",
    "South Georgia and the South Sandwich Islands": "South Georgia and the South Sandwich Islands",
    "South Sudan": "South Sudan",
    "Spain": "Spain",
    "Sri Lanka": "Sri Lanka",
    "Start Polling": "Start Polling",
    "State / County": "State / County",
    "Stop Polling": "Stop Polling",
    "Store these recovery codes in a secure password manager. They can be used to recover access to your account if your two factor authentication device is lost.": "Store these recovery codes in a secure password manager. They can be used to recover access to your account if your two factor authentication device is lost.",
    "Subscribe": "Subscribe",
    "Subscription Information": "Subscription Information",
    "Sudan": "Sudan",
    "Suriname": "Suriname",
    "Svalbard And Jan Mayen": "Svalbard and Jan Mayen",
    "Swaziland": "Swaziland",
    "Sweden": "Sweden",
    "Switch Teams": "Switch Teams",
    "Switzerland": "Switzerland",
    "Syrian Arab Republic": "Syria",
    "Taiwan": "Taiwan",
    "Taiwan, Province of China": "Taiwan, Province of China",
    "Tajikistan": "Tajikistan",
    "Tanzania": "Tanzania",
    "Tanzania, United Republic of": "Tanzania, United Republic of",
    "Team Details": "Team Details",
    "Team Invitation": "Team Invitation",
    "Team Members": "Team Members",
    "Team Name": "Team Name",
    "Team Owner": "Team Owner",
    "Team Settings": "Team Settings",
    "Terms of Service": "Terms of Service",
    "Thailand": "Thailand",
    "Thanks for signing up! Before getting started, could you verify your email address by clicking on the link we just emailed to you? If you didn't receive the email, we will gladly send you another.": "Thanks for signing up! Before getting started, could you verify your email address by clicking on the link we just emailed to you? If you didn't receive the email, we will gladly send you another.",
    "Thanks for your continued support. We've attached a copy of your invoice for your records. Please let us know if you have any questions or concerns.": "Thanks for your continued support. We've attached a copy of your invoice for your records. Please let us know if you have any questions or concerns.",
    "Thanks,": "Thanks,",
    "The :attribute must be a valid role.": "The :attribute must be a valid role.",
    "The :attribute must be at least :length characters and contain at least one number.": "The :attribute must be at least :length characters and contain at least one number.",
    "The :attribute must be at least :length characters and contain at least one special character and one number.": "The :attribute must be at least :length characters and contain at least one special character and one number.",
    "The :attribute must be at least :length characters and contain at least one special character.": "The :attribute must be at least :length characters and contain at least one special character.",
    "The :attribute must be at least :length characters and contain at least one uppercase character and one number.": "The :attribute must be at least :length characters and contain at least one uppercase character and one number.",
    "The :attribute must be at least :length characters and contain at least one uppercase character and one special character.": "The :attribute must be at least :length characters and contain at least one uppercase character and one special character.",
    "The :attribute must be at least :length characters and contain at least one uppercase character, one number, and one special character.": "The :attribute must be at least :length characters and contain at least one uppercase character, one number, and one special character.",
    "The :attribute must be at least :length characters and contain at least one uppercase character.": "The :attribute must be at least :length characters and contain at least one uppercase character.",
    "The :attribute must be at least :length characters.": "The :attribute must be at least :length characters.",
    "The :attribute must contain at least one letter.": "The :attribute must contain at least one letter.",
    "The :attribute must contain at least one number.": "The :attribute must contain at least one number.",
    "The :attribute must contain at least one symbol.": "The :attribute must contain at least one symbol.",
    "The :attribute must contain at least one uppercase and one lowercase letter.": "The :attribute must contain at least one uppercase and one lowercase letter.",
    "The :resource was created!": "The :resource was created!",
    "The :resource was deleted!": "The :resource was deleted!",
    "The :resource was restored!": "The :resource was restored!",
    "The :resource was updated!": "The :resource was updated!",
    "The action ran successfully!": "The action ran successfully!",
    "The file was deleted!": "The file was deleted!",
    "The given :attribute has appeared in a data leak. Please choose a different :attribute.": "The given :attribute has appeared in a data leak. Please choose a different :attribute.",
    "The government won't let us show you what's behind these doors": "The government won't let us show you what's behind these doors",
    "The HasOne relationship has already been filled.": "The HasOne relationship has already been filled.",
    "The payment was successful.": "The payment was successful.",
    "The provided coupon code is invalid.": "The provided coupon code is invalid.",
    "The provided password does not match your current password.": "The provided password does not match your current password.",
    "The provided password was incorrect.": "The provided password was incorrect.",
    "The provided two factor authentication code was invalid.": "The provided two factor authentication code was invalid.",
    "The provided VAT number is invalid.": "The provided VAT number is invalid.",
    "The receipt emails must be valid email addresses.": "The receipt emails must be valid email addresses.",
    "The resource was updated!": "The resource was updated!",
    "The selected country is invalid.": "The selected country is invalid.",
    "The selected plan is invalid.": "The selected plan is invalid.",
    "The team's name and owner information.": "The team's name and owner information.",
    "There are no available options for this resource.": "There are no available options for this resource.",
    "There was a problem executing the action.": "There was a problem executing the action.",
    "There was a problem submitting the form.": "There was a problem submitting the form.",
    "These people have been invited to your team and have been sent an invitation email. They may join the team by accepting the email invitation.": "These people have been invited to your team and have been sent an invitation email. They may join the team by accepting the email invitation.",
    "This account does not have an active subscription.": "This account does not have an active subscription.",
    "This action is unauthorized.": "This action is unauthorized.",
    "This device": "This device",
    "This file field is read-only.": "This file field is read-only.",
    "This image": "This image",
    "This is a secure area of the application. Please confirm your password before continuing.": "This is a secure area of the application. Please confirm your password before continuing.",
    "This password does not match our records.": "This password does not match our records.",
    "This password reset link will expire in :count minutes.": "This password reset link will expire in :count minutes.",
    "This payment was already successfully confirmed.": "This payment was already successfully confirmed.",
    "This payment was cancelled.": "This payment was cancelled.",
    "This resource no longer exists": "This resource no longer exists",
    "This subscription has expired and cannot be resumed. Please create a new subscription.": "This subscription has expired and cannot be resumed. Please create a new subscription.",
    "This user already belongs to the team.": "This user already belongs to the team.",
    "This user has already been invited to the team.": "This user has already been invited to the team.",
    "Timor-Leste": "Timor-Leste",
    "to": "to",
    "Today": "Today",
    "Toggle navigation": "Toggle navigation",
    "Togo": "Togo",
    "Tokelau": "Tokelau",
    "Token Name": "Token Name",
    "Tonga": "Tonga",
    "Too Many Attempts.": "Too Many Attempts.",
    "Too Many Requests": "Too Many Requests",
    "total": "total",
    "Total:": "Total:",
    "Trashed": "Trashed",
    "Trinidad And Tobago": "Trinidad and Tobago",
    "Tunisia": "Tunisia",
    "Turkey": "Turkey",
    "Turkmenistan": "Turkmenistan",
    "Turks and Caicos Islands": "Turks and Caicos Islands",
    "Turks And Caicos Islands": "Turks and Caicos Islands",
    "Tuvalu": "Tuvalu",
    "Two factor authentication is now enabled. Scan the following QR code using your phone's authenticator application.": "Two factor authentication is now enabled. Scan the following QR code using your phone's authenticator application.",
    "Two Factor Authentication": "Two Factor Authentication",
    "Uganda": "Uganda",
    "Ukraine": "Ukraine",
    "Unauthorized": "Unauthorized",
    "United Arab Emirates": "United Arab Emirates",
    "United Kingdom": "United Kingdom",
    "United States Minor Outlying Islands": "United States Minor Outlying Islands",
    "United States Outlying Islands": "U.S. Outlying Islands",
    "United States": "United States",
    "Update & Continue Editing": "Update & Continue Editing",
    "Update :resource": "Update :resource",
    "Update :resource: :title": "Update :resource: :title",
    "Update attached :resource: :title": "Update attached :resource: :title",
    "Update Password": "Update Password",
    "Update Payment Information": "Update Payment Information",
    "Update your account's profile information and email address.": "Update your account's profile information and email address.",
    "Update": "Update",
    "Uruguay": "Uruguay",
    "Use a recovery code": "Use a recovery code",
    "Use an authentication code": "Use an authentication code",
    "Uzbekistan": "Uzbekistan",
    "Value": "Value",
    "Vanuatu": "Vanuatu",
    "VAT Number": "VAT Number",
    "Venezuela": "Venezuela",
    "Venezuela, Bolivarian Republic of": "Venezuela, Bolivarian Republic of",
    "Verify Email Address": "Verify Email Address",
    "Verify Your Email Address": "Verify Your Email Address",
    "Viet Nam": "Viet Nam",
    "View": "View",
    "Virgin Islands, British": "British Virgin Islands",
    "Virgin Islands, U.S.": "U.S. Virgin Islands",
    "Wallis and Futuna": "Wallis and Futuna",
    "Wallis And Futuna": "Wallis and Futuna",
    "We are unable to process your payment. Please contact customer support.": "We are unable to process your payment. Please contact customer support.",
    "We were unable to find a registered user with this email address.": "We were unable to find a registered user with this email address.",
    "We will send a receipt download link to the email addresses that you specify below. You may separate multiple email addresses using commas.": "We will send a receipt download link to the email addresses that you specify below. You may separate multiple email addresses using commas.",
    "We won't ask for your password again for a few hours.": "We won't ask for your password again for a few hours.",
    "We're lost in space. The page you were trying to view does not exist.": "We're lost in space. The page you were trying to view does not exist.",
    "Welcome Back!": "Welcome Back!",
    "Western Sahara": "Western Sahara",
    "When two factor authentication is enabled, you will be prompted for a secure, random token during authentication. You may retrieve this token from your phone's Google Authenticator application.": "When two factor authentication is enabled, you will be prompted for a secure, random token during authentication. You may retrieve this token from your phone's Google Authenticator application.",
    "Whoops! Something went wrong.": "Whoops! Something went wrong.",
    "Whoops!": "Whoops!",
    "Whoops": "Whoops",
    "With Trashed": "With Trashed",
    "Write": "Write",
    "Year To Date": "Year To Date",
    "Yearly": "Yearly",
    "Yemen": "Yemen",
    "Yes": "Yes",
    "You are currently within your free trial period. Your trial will expire on :date.": "You are currently within your free trial period. Your trial will expire on :date.",
    "You are logged in!": "You are logged in!",
    "You are receiving this email because we received a password reset request for your account.": "You are receiving this email because we received a password reset request for your account.",
    "You have been invited to join the :team team!": "You have been invited to join the :team team!",
    "You have enabled two factor authentication.": "You have enabled two factor authentication.",
    "You have not enabled two factor authentication.": "You have not enabled two factor authentication.",
    "You may cancel your subscription at any time. Once your subscription has been cancelled, you will have the option to resume the subscription until the end of your current billing cycle.": "You may cancel your subscription at any time. Once your subscription has been cancelled, you will have the option to resume the subscription until the end of your current billing cycle.",
    "You may delete any of your existing tokens if they are no longer needed.": "You may delete any of your existing tokens if they are no longer needed.",
    "You may not delete your personal team.": "You may not delete your personal team.",
    "You may not leave a team that you created.": "You may not leave a team that you created.",
    "Your :invoiceName invoice is now available!": "Your :invoiceName invoice is now available!",
    "Your card was declined. Please contact your card issuer for more information.": "Your card was declined. Please contact your card issuer for more information.",
    "Your current payment method is a credit card ending in :lastFour that expires on :expiration.": "Your current payment method is a credit card ending in :lastFour that expires on :expiration.",
    "Your email address is not verified.": "Your email address is not verified.",
    "Your registered VAT Number is :vatNumber.": "Your registered VAT Number is :vatNumber.",
    "Zambia": "Zambia",
    "Zimbabwe": "Zimbabwe",
    "Zip / Postal Code": "Zip / Postal Code"
}
